<xml xmlns="http://www.w3.org/1999/xhtml">
  <block type="initializes_setup" id="100" x="80" y="40">
    <statement name="CONTENT">
      <block type="neopixel_begin" id="101">
        <field name="NUM">12</field>
        <field name="PIN">2</field>
        <field name="BRIGHTNESS">30</field>
      </block>
    </statement>
    <next>
      <block type="initializes_loop" id="102">
        <statement name="CONTENT">
          <block type="controls_for" id="141" inline="true">
            <field name="VAR">i</field>
            <value name="FROM">
              <block type="math_number" id="142">
                <field name="NUM">0</field>
              </block>
            </value>
            <value name="TO">
              <block type="math_number" id="143">
                <field name="NUM">11</field>
              </block>
            </value>
            <statement name="DO">
              <block type="neopixel_custom_setpixelcolor" id="108" inline="true">
                <value name="TARGET">
                  <block type="variables_get" id="148">
                    <field name="TYPE">Number</field>
                    <field name="VAR">i</field>
                  </block>
                </value>
                <value name="R">
                  <block type="math_number" id="110">
                    <field name="NUM">255</field>
                  </block>
                </value>
                <value name="G">
                  <block type="math_number" id="111">
                    <field name="NUM">0</field>
                  </block>
                </value>
                <value name="B">
                  <block type="math_number" id="112">
                    <field name="NUM">0</field>
                  </block>
                </value>
                <next>
                  <block type="neopixel_show" id="158">
                    <next>
                      <block type="delay_custom" id="170" inline="false">
                        <value name="DELAY_TIME">
                          <block type="math_number" id="171">
                            <field name="NUM">1000</field>
                          </block>
                        </value>
                      </block>
                    </next>
                  </block>
                </next>
              </block>
            </statement>
            <next>
              <block type="controls_for" id="172" inline="true">
                <field name="VAR">i</field>
                <value name="FROM">
                  <block type="math_number" id="173">
                    <field name="NUM">0</field>
                  </block>
                </value>
                <value name="TO">
                  <block type="math_number" id="174">
                    <field name="NUM">11</field>
                  </block>
                </value>
                <statement name="DO">
                  <block type="neopixel_custom_setpixelcolor" id="175" inline="true">
                    <value name="TARGET">
                      <block type="variables_get" id="176">
                        <field name="TYPE">Number</field>
                        <field name="VAR">i</field>
                      </block>
                    </value>
                    <value name="R">
                      <block type="math_number" id="177">
                        <field name="NUM">0</field>
                      </block>
                    </value>
                    <value name="G">
                      <block type="math_number" id="178">
                        <field name="NUM">255</field>
                      </block>
                    </value>
                    <value name="B">
                      <block type="math_number" id="179">
                        <field name="NUM">0</field>
                      </block>
                    </value>
                  </block>
                </statement>
                <next>
                  <block type="neopixel_show" id="180">
                    <next>
                      <block type="delay_custom" id="181" inline="false">
                        <value name="DELAY_TIME">
                          <block type="math_number" id="182">
                            <field name="NUM">1000</field>
                          </block>
                        </value>
                      </block>
                    </next>
                  </block>
                </next>
              </block>
            </next>
          </block>
        </statement>
      </block>
    </next>
  </block>
</xml>