<xml xmlns="http://www.w3.org/1999/xhtml">
  <block type="initializes_setup" id="91" x="80" y="40">
    <statement name="CONTENT">
      <block type="inout_buildin_led" id="92">
        <field name="STAT">LOW</field>
        <next>
          <block type="linkit_lremote" id="93" inline="false">
            <field name="ORIENTATION">vertical</field>
            <value name="DEVICEID">
              <block type="text" id="94">
                <field name="TEXT">jackjean</field>
              </block>
            </value>
            <value name="COLUMN">
              <block type="math_number" id="95">
                <field name="NUM">4</field>
              </block>
            </value>
            <value name="ROW">
              <block type="math_number" id="96">
                <field name="NUM">6</field>
              </block>
            </value>
            <statement name="CONTENT">
              <block type="linkit_lremote_settext" id="97" inline="true">
                <field name="COLOUR">gray</field>
                <value name="NAME">
                  <block type="text" id="98">
                    <field name="TEXT">label1</field>
                  </block>
                </value>
                <value name="CONTENT">
                  <block type="text" id="99">
                    <field name="TEXT">控制物件測試</field>
                  </block>
                </value>
                <value name="COLUMN">
                  <block type="math_number" id="100">
                    <field name="NUM">0</field>
                  </block>
                </value>
                <value name="ROW">
                  <block type="math_number" id="101">
                    <field name="NUM">0</field>
                  </block>
                </value>
                <value name="WIDTH">
                  <block type="math_number" id="102">
                    <field name="NUM">4</field>
                  </block>
                </value>
                <value name="HEIGHT">
                  <block type="math_number" id="103">
                    <field name="NUM">1</field>
                  </block>
                </value>
                <next>
                  <block type="linkit_lremote_setbuttonsquare" id="104" inline="true">
                    <field name="COLOUR">blue</field>
                    <value name="NAME">
                      <block type="text" id="105">
                        <field name="TEXT">buttonOnOff</field>
                      </block>
                    </value>
                    <value name="CONTENT">
                      <block type="text" id="106">
                        <field name="TEXT">LED開關</field>
                      </block>
                    </value>
                    <value name="COLUMN">
                      <block type="math_number" id="107">
                        <field name="NUM">0</field>
                      </block>
                    </value>
                    <value name="ROW">
                      <block type="math_number" id="108">
                        <field name="NUM">1</field>
                      </block>
                    </value>
                    <value name="WIDTH">
                      <block type="math_number" id="109">
                        <field name="NUM">4</field>
                      </block>
                    </value>
                    <value name="HEIGHT">
                      <block type="math_number" id="110">
                        <field name="NUM">1</field>
                      </block>
                    </value>
                    <next>
                      <block type="linkit_lremote_setswitch" id="111" inline="true">
                        <field name="COLOUR">green</field>
                        <value name="NAME">
                          <block type="text" id="112">
                            <field name="TEXT">switchOnOff</field>
                          </block>
                        </value>
                        <value name="CONTENT">
                          <block type="text" id="113">
                            <field name="TEXT">LED開關</field>
                          </block>
                        </value>
                        <value name="COLUMN">
                          <block type="math_number" id="114">
                            <field name="NUM">0</field>
                          </block>
                        </value>
                        <value name="ROW">
                          <block type="math_number" id="115">
                            <field name="NUM">2</field>
                          </block>
                        </value>
                        <value name="WIDTH">
                          <block type="math_number" id="116">
                            <field name="NUM">4</field>
                          </block>
                        </value>
                        <value name="HEIGHT">
                          <block type="math_number" id="117">
                            <field name="NUM">1</field>
                          </block>
                        </value>
                        <next>
                          <block type="linkit_lremote_setbuttoncircle" id="118" inline="true">
                            <field name="COLOUR">pink</field>
                            <value name="NAME">
                              <block type="text" id="119">
                                <field name="TEXT">circleOn</field>
                              </block>
                            </value>
                            <value name="CONTENT">
                              <block type="text" id="120">
                                <field name="TEXT">開 ON</field>
                              </block>
                            </value>
                            <value name="COLUMN">
                              <block type="math_number" id="121">
                                <field name="NUM">0</field>
                              </block>
                            </value>
                            <value name="ROW">
                              <block type="math_number" id="122">
                                <field name="NUM">3</field>
                              </block>
                            </value>
                            <value name="WIDTH">
                              <block type="math_number" id="123">
                                <field name="NUM">2</field>
                              </block>
                            </value>
                            <value name="HEIGHT">
                              <block type="math_number" id="124">
                                <field name="NUM">2</field>
                              </block>
                            </value>
                            <next>
                              <block type="linkit_lremote_setbuttoncircle" id="125" inline="true">
                                <field name="COLOUR">yellow</field>
                                <value name="NAME">
                                  <block type="text" id="126">
                                    <field name="TEXT">circleOff</field>
                                  </block>
                                </value>
                                <value name="CONTENT">
                                  <block type="text" id="127">
                                    <field name="TEXT">關 OFF</field>
                                  </block>
                                </value>
                                <value name="COLUMN">
                                  <block type="math_number" id="128">
                                    <field name="NUM">2</field>
                                  </block>
                                </value>
                                <value name="ROW">
                                  <block type="math_number" id="129">
                                    <field name="NUM">3</field>
                                  </block>
                                </value>
                                <value name="WIDTH">
                                  <block type="math_number" id="130">
                                    <field name="NUM">2</field>
                                  </block>
                                </value>
                                <value name="HEIGHT">
                                  <block type="math_number" id="131">
                                    <field name="NUM">2</field>
                                  </block>
                                </value>
                                <next>
                                  <block type="linkit_lremote_settext" id="132" inline="true">
                                    <field name="COLOUR">gray</field>
                                    <value name="NAME">
                                      <block type="text" id="133">
                                        <field name="TEXT">label2</field>
                                      </block>
                                    </value>
                                    <value name="CONTENT">
                                      <block type="text" id="134">
                                        <field name="TEXT">曾希哲製作</field>
                                      </block>
                                    </value>
                                    <value name="COLUMN">
                                      <block type="math_number" id="135">
                                        <field name="NUM">0</field>
                                      </block>
                                    </value>
                                    <value name="ROW">
                                      <block type="math_number" id="136">
                                        <field name="NUM">5</field>
                                      </block>
                                    </value>
                                    <value name="WIDTH">
                                      <block type="math_number" id="137">
                                        <field name="NUM">4</field>
                                      </block>
                                    </value>
                                    <value name="HEIGHT">
                                      <block type="math_number" id="138">
                                        <field name="NUM">1</field>
                                      </block>
                                    </value>
                                  </block>
                                </next>
                              </block>
                            </next>
                          </block>
                        </next>
                      </block>
                    </next>
                  </block>
                </next>
              </block>
            </statement>
          </block>
        </next>
      </block>
    </statement>
    <next>
      <block type="initializes_loop" id="139">
        <statement name="CONTENT">
          <block type="linkit_lremote_process" id="140">
            <next>
              <block type="controls_if" id="141" inline="false">
                <value name="IF0">
                  <block type="linkit_lremote_is_written" id="142">
                    <field name="NAME">buttonOnOff</field>
                  </block>
                </value>
                <statement name="DO0">
                  <block type="controls_if" id="143" inline="false">
                    <mutation else="1"></mutation>
                    <value name="IF0">
                      <block type="logic_compare" id="144" inline="true">
                        <field name="OP">EQ</field>
                        <value name="A">
                          <block type="linkit_lremote_read_value" id="145">
                            <field name="NAME">buttonOnOff</field>
                          </block>
                        </value>
                        <value name="B">
                          <block type="math_number" id="146">
                            <field name="NUM">1</field>
                          </block>
                        </value>
                      </block>
                    </value>
                    <statement name="DO0">
                      <block type="inout_buildin_led" id="147">
                        <field name="STAT">HIGH</field>
                      </block>
                    </statement>
                    <statement name="ELSE">
                      <block type="inout_buildin_led" id="148">
                        <field name="STAT">LOW</field>
                      </block>
                    </statement>
                  </block>
                </statement>
                <next>
                  <block type="controls_if" id="149" inline="false">
                    <value name="IF0">
                      <block type="linkit_lremote_is_written" id="150">
                        <field name="NAME">switchOnOff</field>
                      </block>
                    </value>
                    <statement name="DO0">
                      <block type="controls_if" id="151" inline="false">
                        <mutation else="1"></mutation>
                        <value name="IF0">
                          <block type="logic_compare" id="152" inline="true">
                            <field name="OP">EQ</field>
                            <value name="A">
                              <block type="linkit_lremote_read_value" id="153">
                                <field name="NAME">switchOnOff</field>
                              </block>
                            </value>
                            <value name="B">
                              <block type="math_number" id="154">
                                <field name="NUM">1</field>
                              </block>
                            </value>
                          </block>
                        </value>
                        <statement name="DO0">
                          <block type="inout_buildin_led" id="155">
                            <field name="STAT">HIGH</field>
                          </block>
                        </statement>
                        <statement name="ELSE">
                          <block type="inout_buildin_led" id="156">
                            <field name="STAT">LOW</field>
                          </block>
                        </statement>
                      </block>
                    </statement>
                    <next>
                      <block type="controls_if" id="157" inline="false">
                        <value name="IF0">
                          <block type="linkit_lremote_is_written" id="158">
                            <field name="NAME">circleOn</field>
                          </block>
                        </value>
                        <statement name="DO0">
                          <block type="controls_if" id="159" inline="false">
                            <value name="IF0">
                              <block type="logic_compare" id="160" inline="true">
                                <field name="OP">EQ</field>
                                <value name="A">
                                  <block type="linkit_lremote_read_value" id="161">
                                    <field name="NAME">circleOn</field>
                                  </block>
                                </value>
                                <value name="B">
                                  <block type="math_number" id="162">
                                    <field name="NUM">1</field>
                                  </block>
                                </value>
                              </block>
                            </value>
                            <statement name="DO0">
                              <block type="inout_buildin_led" id="163">
                                <field name="STAT">HIGH</field>
                              </block>
                            </statement>
                          </block>
                        </statement>
                        <next>
                          <block type="controls_if" id="164" inline="false">
                            <value name="IF0">
                              <block type="linkit_lremote_is_written" id="165">
                                <field name="NAME">circleOff</field>
                              </block>
                            </value>
                            <statement name="DO0">
                              <block type="controls_if" id="166" inline="false">
                                <value name="IF0">
                                  <block type="logic_compare" id="167" inline="true">
                                    <field name="OP">EQ</field>
                                    <value name="A">
                                      <block type="linkit_lremote_read_value" id="168">
                                        <field name="NAME">circleOff</field>
                                      </block>
                                    </value>
                                    <value name="B">
                                      <block type="math_number" id="169">
                                        <field name="NUM">1</field>
                                      </block>
                                    </value>
                                  </block>
                                </value>
                                <statement name="DO0">
                                  <block type="inout_buildin_led" id="170">
                                    <field name="STAT">LOW</field>
                                  </block>
                                </statement>
                              </block>
                            </statement>
                            <next>
                              <block type="delay_custom" id="171" inline="false">
                                <value name="DELAY_TIME">
                                  <block type="math_number" id="172">
                                    <field name="NUM">50</field>
                                  </block>
                                </value>
                              </block>
                            </next>
                          </block>
                        </next>
                      </block>
                    </next>
                  </block>
                </next>
              </block>
            </next>
          </block>
        </statement>
      </block>
    </next>
  </block>
  <block type="initializes_setup" id="173" x="80" y="40">
    <statement name="CONTENT">
      <block type="inout_buildin_led" id="174">
        <field name="STAT">LOW</field>
        <next>
          <block type="linkit_lremote" id="175" inline="false">
            <field name="ORIENTATION">vertical</field>
            <value name="DEVICEID">
              <block type="text" id="176">
                <field name="TEXT">jackjean</field>
              </block>
            </value>
            <value name="COLUMN">
              <block type="math_number" id="177">
                <field name="NUM">4</field>
              </block>
            </value>
            <value name="ROW">
              <block type="math_number" id="178">
                <field name="NUM">6</field>
              </block>
            </value>
            <statement name="CONTENT">
              <block type="linkit_lremote_settext" id="179" inline="true">
                <field name="COLOUR">gray</field>
                <value name="NAME">
                  <block type="text" id="180">
                    <field name="TEXT">label1</field>
                  </block>
                </value>
                <value name="CONTENT">
                  <block type="text" id="181">
                    <field name="TEXT">控制物件測試</field>
                  </block>
                </value>
                <value name="COLUMN">
                  <block type="math_number" id="182">
                    <field name="NUM">0</field>
                  </block>
                </value>
                <value name="ROW">
                  <block type="math_number" id="183">
                    <field name="NUM">0</field>
                  </block>
                </value>
                <value name="WIDTH">
                  <block type="math_number" id="184">
                    <field name="NUM">4</field>
                  </block>
                </value>
                <value name="HEIGHT">
                  <block type="math_number" id="185">
                    <field name="NUM">1</field>
                  </block>
                </value>
                <next>
                  <block type="linkit_lremote_setbuttonsquare" id="186" inline="true">
                    <field name="COLOUR">blue</field>
                    <value name="NAME">
                      <block type="text" id="187">
                        <field name="TEXT">buttonOnOff</field>
                      </block>
                    </value>
                    <value name="CONTENT">
                      <block type="text" id="188">
                        <field name="TEXT">LED開關</field>
                      </block>
                    </value>
                    <value name="COLUMN">
                      <block type="math_number" id="189">
                        <field name="NUM">0</field>
                      </block>
                    </value>
                    <value name="ROW">
                      <block type="math_number" id="190">
                        <field name="NUM">1</field>
                      </block>
                    </value>
                    <value name="WIDTH">
                      <block type="math_number" id="191">
                        <field name="NUM">4</field>
                      </block>
                    </value>
                    <value name="HEIGHT">
                      <block type="math_number" id="192">
                        <field name="NUM">1</field>
                      </block>
                    </value>
                    <next>
                      <block type="linkit_lremote_setswitch" id="193" inline="true">
                        <field name="COLOUR">green</field>
                        <value name="NAME">
                          <block type="text" id="194">
                            <field name="TEXT">switchOnOff</field>
                          </block>
                        </value>
                        <value name="CONTENT">
                          <block type="text" id="195">
                            <field name="TEXT">LED開關</field>
                          </block>
                        </value>
                        <value name="COLUMN">
                          <block type="math_number" id="196">
                            <field name="NUM">0</field>
                          </block>
                        </value>
                        <value name="ROW">
                          <block type="math_number" id="197">
                            <field name="NUM">2</field>
                          </block>
                        </value>
                        <value name="WIDTH">
                          <block type="math_number" id="198">
                            <field name="NUM">4</field>
                          </block>
                        </value>
                        <value name="HEIGHT">
                          <block type="math_number" id="199">
                            <field name="NUM">1</field>
                          </block>
                        </value>
                        <next>
                          <block type="linkit_lremote_setbuttoncircle" id="200" inline="true">
                            <field name="COLOUR">pink</field>
                            <value name="NAME">
                              <block type="text" id="201">
                                <field name="TEXT">circleOn</field>
                              </block>
                            </value>
                            <value name="CONTENT">
                              <block type="text" id="202">
                                <field name="TEXT">開 ON</field>
                              </block>
                            </value>
                            <value name="COLUMN">
                              <block type="math_number" id="203">
                                <field name="NUM">0</field>
                              </block>
                            </value>
                            <value name="ROW">
                              <block type="math_number" id="204">
                                <field name="NUM">3</field>
                              </block>
                            </value>
                            <value name="WIDTH">
                              <block type="math_number" id="205">
                                <field name="NUM">2</field>
                              </block>
                            </value>
                            <value name="HEIGHT">
                              <block type="math_number" id="206">
                                <field name="NUM">2</field>
                              </block>
                            </value>
                            <next>
                              <block type="linkit_lremote_setbuttoncircle" id="207" inline="true">
                                <field name="COLOUR">yellow</field>
                                <value name="NAME">
                                  <block type="text" id="208">
                                    <field name="TEXT">circleOff</field>
                                  </block>
                                </value>
                                <value name="CONTENT">
                                  <block type="text" id="209">
                                    <field name="TEXT">關 OFF</field>
                                  </block>
                                </value>
                                <value name="COLUMN">
                                  <block type="math_number" id="210">
                                    <field name="NUM">2</field>
                                  </block>
                                </value>
                                <value name="ROW">
                                  <block type="math_number" id="211">
                                    <field name="NUM">3</field>
                                  </block>
                                </value>
                                <value name="WIDTH">
                                  <block type="math_number" id="212">
                                    <field name="NUM">2</field>
                                  </block>
                                </value>
                                <value name="HEIGHT">
                                  <block type="math_number" id="213">
                                    <field name="NUM">2</field>
                                  </block>
                                </value>
                                <next>
                                  <block type="linkit_lremote_settext" id="214" inline="true">
                                    <field name="COLOUR">gray</field>
                                    <value name="NAME">
                                      <block type="text" id="215">
                                        <field name="TEXT">label2</field>
                                      </block>
                                    </value>
                                    <value name="CONTENT">
                                      <block type="text" id="216">
                                        <field name="TEXT">曾希哲製作</field>
                                      </block>
                                    </value>
                                    <value name="COLUMN">
                                      <block type="math_number" id="217">
                                        <field name="NUM">0</field>
                                      </block>
                                    </value>
                                    <value name="ROW">
                                      <block type="math_number" id="218">
                                        <field name="NUM">5</field>
                                      </block>
                                    </value>
                                    <value name="WIDTH">
                                      <block type="math_number" id="219">
                                        <field name="NUM">4</field>
                                      </block>
                                    </value>
                                    <value name="HEIGHT">
                                      <block type="math_number" id="220">
                                        <field name="NUM">1</field>
                                      </block>
                                    </value>
                                  </block>
                                </next>
                              </block>
                            </next>
                          </block>
                        </next>
                      </block>
                    </next>
                  </block>
                </next>
              </block>
            </statement>
          </block>
        </next>
      </block>
    </statement>
    <next>
      <block type="initializes_loop" id="221">
        <statement name="CONTENT">
          <block type="linkit_lremote_process" id="222">
            <next>
              <block type="controls_if" id="223" inline="false">
                <value name="IF0">
                  <block type="linkit_lremote_is_written" id="224">
                    <field name="NAME">buttonOnOff</field>
                  </block>
                </value>
                <statement name="DO0">
                  <block type="controls_if" id="225" inline="false">
                    <mutation else="1"></mutation>
                    <value name="IF0">
                      <block type="logic_compare" id="226" inline="true">
                        <field name="OP">EQ</field>
                        <value name="A">
                          <block type="linkit_lremote_read_value" id="227">
                            <field name="NAME">buttonOnOff</field>
                          </block>
                        </value>
                        <value name="B">
                          <block type="math_number" id="228">
                            <field name="NUM">1</field>
                          </block>
                        </value>
                      </block>
                    </value>
                    <statement name="DO0">
                      <block type="inout_buildin_led" id="229">
                        <field name="STAT">HIGH</field>
                      </block>
                    </statement>
                    <statement name="ELSE">
                      <block type="inout_buildin_led" id="230">
                        <field name="STAT">LOW</field>
                      </block>
                    </statement>
                  </block>
                </statement>
                <next>
                  <block type="controls_if" id="231" inline="false">
                    <value name="IF0">
                      <block type="linkit_lremote_is_written" id="232">
                        <field name="NAME">switchOnOff</field>
                      </block>
                    </value>
                    <statement name="DO0">
                      <block type="controls_if" id="233" inline="false">
                        <mutation else="1"></mutation>
                        <value name="IF0">
                          <block type="logic_compare" id="234" inline="true">
                            <field name="OP">EQ</field>
                            <value name="A">
                              <block type="linkit_lremote_read_value" id="235">
                                <field name="NAME">switchOnOff</field>
                              </block>
                            </value>
                            <value name="B">
                              <block type="math_number" id="236">
                                <field name="NUM">1</field>
                              </block>
                            </value>
                          </block>
                        </value>
                        <statement name="DO0">
                          <block type="inout_buildin_led" id="237">
                            <field name="STAT">HIGH</field>
                          </block>
                        </statement>
                        <statement name="ELSE">
                          <block type="inout_buildin_led" id="238">
                            <field name="STAT">LOW</field>
                          </block>
                        </statement>
                      </block>
                    </statement>
                    <next>
                      <block type="controls_if" id="239" inline="false">
                        <value name="IF0">
                          <block type="linkit_lremote_is_written" id="240">
                            <field name="NAME">circleOn</field>
                          </block>
                        </value>
                        <statement name="DO0">
                          <block type="controls_if" id="241" inline="false">
                            <value name="IF0">
                              <block type="logic_compare" id="242" inline="true">
                                <field name="OP">EQ</field>
                                <value name="A">
                                  <block type="linkit_lremote_read_value" id="243">
                                    <field name="NAME">circleOn</field>
                                  </block>
                                </value>
                                <value name="B">
                                  <block type="math_number" id="244">
                                    <field name="NUM">1</field>
                                  </block>
                                </value>
                              </block>
                            </value>
                            <statement name="DO0">
                              <block type="inout_buildin_led" id="245">
                                <field name="STAT">HIGH</field>
                              </block>
                            </statement>
                          </block>
                        </statement>
                        <next>
                          <block type="controls_if" id="246" inline="false">
                            <value name="IF0">
                              <block type="linkit_lremote_is_written" id="247">
                                <field name="NAME">circleOff</field>
                              </block>
                            </value>
                            <statement name="DO0">
                              <block type="controls_if" id="248" inline="false">
                                <value name="IF0">
                                  <block type="logic_compare" id="249" inline="true">
                                    <field name="OP">EQ</field>
                                    <value name="A">
                                      <block type="linkit_lremote_read_value" id="250">
                                        <field name="NAME">circleOff</field>
                                      </block>
                                    </value>
                                    <value name="B">
                                      <block type="math_number" id="251">
                                        <field name="NUM">1</field>
                                      </block>
                                    </value>
                                  </block>
                                </value>
                                <statement name="DO0">
                                  <block type="inout_buildin_led" id="252">
                                    <field name="STAT">LOW</field>
                                  </block>
                                </statement>
                              </block>
                            </statement>
                            <next>
                              <block type="delay_custom" id="253" inline="false">
                                <value name="DELAY_TIME">
                                  <block type="math_number" id="254">
                                    <field name="NUM">50</field>
                                  </block>
                                </value>
                              </block>
                            </next>
                          </block>
                        </next>
                      </block>
                    </next>
                  </block>
                </next>
              </block>
            </next>
          </block>
        </statement>
      </block>
    </next>
  </block>
</xml>