<xml xmlns="http://www.w3.org/1999/xhtml">
  <block type="initializes_setup" id="1" x="13" y="63">
    <statement name="CONTENT">
      <block type="neopixel_begin" id="12">
        <field name="NUM">16</field>
        <field name="PIN">0</field>
        <field name="BRIGHTNESS">30</field>
      </block>
    </statement>
    <next>
      <block type="initializes_loop" id="2">
        <statement name="CONTENT">
          <block type="controls_for" id="86" inline="true">
            <field name="VAR">i</field>
            <value name="FROM">
              <block type="math_number" id="87">
                <field name="NUM">0</field>
              </block>
            </value>
            <value name="TO">
              <block type="math_number" id="88">
                <field name="NUM">10</field>
              </block>
            </value>
            <statement name="DO">
              <block type="neopixel_custom_setpixelcolor" id="98" inline="true">
                <value name="TARGET">
                  <block type="variables_get" id="107">
                    <field name="TYPE">Number</field>
                    <field name="VAR">i</field>
                  </block>
                </value>
                <value name="R">
                  <block type="math_number" id="100">
                    <field name="NUM">255</field>
                  </block>
                </value>
                <value name="G">
                  <block type="math_number" id="101">
                    <field name="NUM">0</field>
                  </block>
                </value>
                <value name="B">
                  <block type="math_number" id="102">
                    <field name="NUM">0</field>
                  </block>
                </value>
              </block>
            </statement>
            <next>
              <block type="neopixel_show" id="108">
                <next>
                  <block type="delay_custom" id="135" inline="false">
                    <value name="DELAY_TIME">
                      <block type="math_number" id="136">
                        <field name="NUM">1000</field>
                      </block>
                    </value>
                    <next>
                      <block type="controls_for" id="109" inline="true">
                        <field name="VAR">i</field>
                        <value name="FROM">
                          <block type="math_number" id="110">
                            <field name="NUM">0</field>
                          </block>
                        </value>
                        <value name="TO">
                          <block type="math_number" id="111">
                            <field name="NUM">10</field>
                          </block>
                        </value>
                        <statement name="DO">
                          <block type="neopixel_custom_setpixelcolor" id="112" inline="true">
                            <value name="TARGET">
                              <block type="variables_get" id="113">
                                <field name="TYPE">Number</field>
                                <field name="VAR">i</field>
                              </block>
                            </value>
                            <value name="R">
                              <block type="math_number" id="114">
                                <field name="NUM">0</field>
                              </block>
                            </value>
                            <value name="G">
                              <block type="math_number" id="115">
                                <field name="NUM">255</field>
                              </block>
                            </value>
                            <value name="B">
                              <block type="math_number" id="116">
                                <field name="NUM">0</field>
                              </block>
                            </value>
                            <next>
                              <block type="neopixel_show" id="117">
                                <next>
                                  <block type="delay_custom" id="137" inline="false">
                                    <value name="DELAY_TIME">
                                      <block type="math_number" id="138">
                                        <field name="NUM">1000</field>
                                      </block>
                                    </value>
                                  </block>
                                </next>
                              </block>
                            </next>
                          </block>
                        </statement>
                        <next>
                          <block type="delay_custom" id="139" inline="false">
                            <value name="DELAY_TIME">
                              <block type="math_number" id="140">
                                <field name="NUM">1000</field>
                              </block>
                            </value>
                          </block>
                        </next>
                      </block>
                    </next>
                  </block>
                </next>
              </block>
            </next>
          </block>
        </statement>
      </block>
    </next>
  </block>
  <block type="initializes_temp" id="78" x="763" y="63">
    <statement name="TEMP">
      <block type="neopixel_setpixelcolor" id="22" inline="true">
        <field name="RGB">#00ff00</field>
        <value name="TARGET">
          <block type="math_number" id="23">
            <field name="NUM">0</field>
          </block>
        </value>
        <next>
          <block type="neopixel_show" id="47">
            <next>
              <block type="delay_custom" id="129" inline="false">
                <value name="DELAY_TIME">
                  <block type="math_number" id="130">
                    <field name="NUM">1000</field>
                  </block>
                </value>
                <next>
                  <block type="neopixel_custom_setpixelcolor" id="33" inline="true">
                    <value name="TARGET">
                      <block type="math_number" id="34">
                        <field name="NUM">1</field>
                      </block>
                    </value>
                    <value name="R">
                      <block type="math_number" id="35">
                        <field name="NUM">255</field>
                      </block>
                    </value>
                    <value name="G">
                      <block type="math_number" id="36">
                        <field name="NUM">0</field>
                      </block>
                    </value>
                    <value name="B">
                      <block type="math_number" id="37">
                        <field name="NUM">0</field>
                      </block>
                    </value>
                    <next>
                      <block type="neopixel_show" id="48">
                        <next>
                          <block type="delay_custom" id="131" inline="false">
                            <value name="DELAY_TIME">
                              <block type="math_number" id="132">
                                <field name="NUM">1000</field>
                              </block>
                            </value>
                            <next>
                              <block type="neopixel_custom_setpixelcolor" id="49" inline="true">
                                <value name="TARGET">
                                  <block type="math_number" id="50">
                                    <field name="NUM">2</field>
                                  </block>
                                </value>
                                <value name="R">
                                  <block type="math_number" id="51">
                                    <field name="NUM">255</field>
                                  </block>
                                </value>
                                <value name="G">
                                  <block type="math_number" id="52">
                                    <field name="NUM">0</field>
                                  </block>
                                </value>
                                <value name="B">
                                  <block type="math_number" id="53">
                                    <field name="NUM">0</field>
                                  </block>
                                </value>
                                <next>
                                  <block type="neopixel_custom_setpixelcolor" id="54" inline="true">
                                    <value name="TARGET">
                                      <block type="math_number" id="55">
                                        <field name="NUM">3</field>
                                      </block>
                                    </value>
                                    <value name="R">
                                      <block type="math_number" id="56">
                                        <field name="NUM">255</field>
                                      </block>
                                    </value>
                                    <value name="G">
                                      <block type="math_number" id="57">
                                        <field name="NUM">0</field>
                                      </block>
                                    </value>
                                    <value name="B">
                                      <block type="math_number" id="58">
                                        <field name="NUM">0</field>
                                      </block>
                                    </value>
                                    <next>
                                      <block type="neopixel_custom_setpixelcolor" id="59" inline="true">
                                        <value name="TARGET">
                                          <block type="math_number" id="60">
                                            <field name="NUM">4</field>
                                          </block>
                                        </value>
                                        <value name="R">
                                          <block type="math_number" id="61">
                                            <field name="NUM">255</field>
                                          </block>
                                        </value>
                                        <value name="G">
                                          <block type="math_number" id="62">
                                            <field name="NUM">0</field>
                                          </block>
                                        </value>
                                        <value name="B">
                                          <block type="math_number" id="63">
                                            <field name="NUM">0</field>
                                          </block>
                                        </value>
                                        <next>
                                          <block type="neopixel_custom_setpixelcolor" id="64" inline="true">
                                            <value name="TARGET">
                                              <block type="math_number" id="65">
                                                <field name="NUM">5</field>
                                              </block>
                                            </value>
                                            <value name="R">
                                              <block type="math_number" id="66">
                                                <field name="NUM">255</field>
                                              </block>
                                            </value>
                                            <value name="G">
                                              <block type="math_number" id="67">
                                                <field name="NUM">0</field>
                                              </block>
                                            </value>
                                            <value name="B">
                                              <block type="math_number" id="68">
                                                <field name="NUM">0</field>
                                              </block>
                                            </value>
                                            <next>
                                              <block type="neopixel_custom_setpixelcolor" id="69" inline="true">
                                                <value name="TARGET">
                                                  <block type="math_number" id="70">
                                                    <field name="NUM">6</field>
                                                  </block>
                                                </value>
                                                <value name="R">
                                                  <block type="math_number" id="71">
                                                    <field name="NUM">255</field>
                                                  </block>
                                                </value>
                                                <value name="G">
                                                  <block type="math_number" id="72">
                                                    <field name="NUM">0</field>
                                                  </block>
                                                </value>
                                                <value name="B">
                                                  <block type="math_number" id="73">
                                                    <field name="NUM">0</field>
                                                  </block>
                                                </value>
                                                <next>
                                                  <block type="neopixel_show" id="74">
                                                    <next>
                                                      <block type="delay_custom" id="133" inline="false">
                                                        <value name="DELAY_TIME">
                                                          <block type="math_number" id="134">
                                                            <field name="NUM">1000</field>
                                                          </block>
                                                        </value>
                                                      </block>
                                                    </next>
                                                  </block>
                                                </next>
                                              </block>
                                            </next>
                                          </block>
                                        </next>
                                      </block>
                                    </next>
                                  </block>
                                </next>
                              </block>
                            </next>
                          </block>
                        </next>
                      </block>
                    </next>
                  </block>
                </next>
              </block>
            </next>
          </block>
        </next>
      </block>
    </statement>
  </block>
</xml>