<xml xmlns="http://www.w3.org/1999/xhtml">
  <block type="initializes_setup" id="113" x="80" y="40">
    <statement name="CONTENT">
      <block type="neopixel_begin" id="124">
        <field name="NUM">12</field>
        <field name="PIN">2</field>
        <field name="BRIGHTNESS">30</field>
      </block>
    </statement>
    <next>
      <block type="initializes_loop" id="114">
        <statement name="CONTENT">
          <block type="neopixel_setpixelcolor" id="134" inline="true">
            <field name="RGB">#00ff00</field>
            <value name="TARGET">
              <block type="math_number" id="135">
                <field name="NUM">0</field>
              </block>
            </value>
            <next>
              <block type="neopixel_show" id="145">
                <next>
                  <block type="delay_custom" id="157" inline="false">
                    <value name="DELAY_TIME">
                      <block type="math_number" id="158">
                        <field name="NUM">1000</field>
                      </block>
                    </value>
                    <next>
                      <block type="neopixel_custom_setpixelcolor" id="168" inline="true">
                        <value name="TARGET">
                          <block type="math_number" id="169">
                            <field name="NUM">1</field>
                          </block>
                        </value>
                        <value name="R">
                          <block type="math_number" id="170">
                            <field name="NUM">255</field>
                          </block>
                        </value>
                        <value name="G">
                          <block type="math_number" id="171">
                            <field name="NUM">0</field>
                          </block>
                        </value>
                        <value name="B">
                          <block type="math_number" id="172">
                            <field name="NUM">0</field>
                          </block>
                        </value>
                        <next>
                          <block type="neopixel_show" id="182">
                            <next>
                              <block type="delay_custom" id="183" inline="false">
                                <value name="DELAY_TIME">
                                  <block type="math_number" id="184">
                                    <field name="NUM">1000</field>
                                  </block>
                                </value>
                                <next>
                                  <block type="neopixel_custom_setpixelcolor" id="185" inline="true">
                                    <value name="TARGET">
                                      <block type="math_number" id="186">
                                        <field name="NUM">2</field>
                                      </block>
                                    </value>
                                    <value name="R">
                                      <block type="math_number" id="187">
                                        <field name="NUM">0</field>
                                      </block>
                                    </value>
                                    <value name="G">
                                      <block type="math_number" id="188">
                                        <field name="NUM">255</field>
                                      </block>
                                    </value>
                                    <value name="B">
                                      <block type="math_number" id="189">
                                        <field name="NUM">0</field>
                                      </block>
                                    </value>
                                    <next>
                                      <block type="neopixel_custom_setpixelcolor" id="190" inline="true">
                                        <value name="TARGET">
                                          <block type="math_number" id="191">
                                            <field name="NUM">3</field>
                                          </block>
                                        </value>
                                        <value name="R">
                                          <block type="math_number" id="192">
                                            <field name="NUM">0</field>
                                          </block>
                                        </value>
                                        <value name="G">
                                          <block type="math_number" id="193">
                                            <field name="NUM">0</field>
                                          </block>
                                        </value>
                                        <value name="B">
                                          <block type="math_number" id="194">
                                            <field name="NUM">255</field>
                                          </block>
                                        </value>
                                        <next>
                                          <block type="neopixel_custom_setpixelcolor" id="195" inline="true">
                                            <value name="TARGET">
                                              <block type="math_number" id="196">
                                                <field name="NUM">4</field>
                                              </block>
                                            </value>
                                            <value name="R">
                                              <block type="math_number" id="197">
                                                <field name="NUM">255</field>
                                              </block>
                                            </value>
                                            <value name="G">
                                              <block type="math_number" id="198">
                                                <field name="NUM">255</field>
                                              </block>
                                            </value>
                                            <value name="B">
                                              <block type="math_number" id="199">
                                                <field name="NUM">0</field>
                                              </block>
                                            </value>
                                            <next>
                                              <block type="neopixel_show" id="200">
                                                <next>
                                                  <block type="delay_custom" id="201" inline="false">
                                                    <value name="DELAY_TIME">
                                                      <block type="math_number" id="202">
                                                        <field name="NUM">1000</field>
                                                      </block>
                                                    </value>
                                                  </block>
                                                </next>
                                              </block>
                                            </next>
                                          </block>
                                        </next>
                                      </block>
                                    </next>
                                  </block>
                                </next>
                              </block>
                            </next>
                          </block>
                        </next>
                      </block>
                    </next>
                  </block>
                </next>
              </block>
            </next>
          </block>
        </statement>
      </block>
    </next>
  </block>
</xml>