<xml xmlns="http://www.w3.org/1999/xhtml">
  <block type="initializes_setup" id="504" x="80" y="40">
    <statement name="CONTENT">
      <block type="neopixel_begin" id="505">
        <field name="NUM">12</field>
        <field name="PIN">2</field>
        <field name="BRIGHTNESS">30</field>
        <next>
          <block type="procedures_callnoreturn" id="625">
            <mutation name="全部滅"></mutation>
            <next>
              <block type="linkit_lremote" id="515" inline="false">
                <field name="ORIENTATION">vertical</field>
                <value name="DEVICEID">
                  <block type="text" id="516">
                    <field name="TEXT">jackjean</field>
                  </block>
                </value>
                <value name="COLUMN">
                  <block type="math_number" id="517">
                    <field name="NUM">4</field>
                  </block>
                </value>
                <value name="ROW">
                  <block type="math_number" id="518">
                    <field name="NUM">6</field>
                  </block>
                </value>
                <statement name="CONTENT">
                  <block type="linkit_lremote_settext" id="519" inline="true">
                    <field name="COLOUR">gray</field>
                    <value name="NAME">
                      <block type="text" id="520">
                        <field name="TEXT">label1</field>
                      </block>
                    </value>
                    <value name="CONTENT">
                      <block type="text" id="521">
                        <field name="TEXT">WS2812控制測試</field>
                      </block>
                    </value>
                    <value name="COLUMN">
                      <block type="math_number" id="522">
                        <field name="NUM">0</field>
                      </block>
                    </value>
                    <value name="ROW">
                      <block type="math_number" id="523">
                        <field name="NUM">0</field>
                      </block>
                    </value>
                    <value name="WIDTH">
                      <block type="math_number" id="524">
                        <field name="NUM">4</field>
                      </block>
                    </value>
                    <value name="HEIGHT">
                      <block type="math_number" id="525">
                        <field name="NUM">1</field>
                      </block>
                    </value>
                    <next>
                      <block type="linkit_lremote_setbuttoncircle" id="526" inline="true">
                        <field name="COLOUR">pink</field>
                        <value name="NAME">
                          <block type="text" id="527">
                            <field name="TEXT">circleR</field>
                          </block>
                        </value>
                        <value name="CONTENT">
                          <block type="text" id="528">
                            <field name="TEXT">紅</field>
                          </block>
                        </value>
                        <value name="COLUMN">
                          <block type="math_number" id="529">
                            <field name="NUM">0</field>
                          </block>
                        </value>
                        <value name="ROW">
                          <block type="math_number" id="530">
                            <field name="NUM">1</field>
                          </block>
                        </value>
                        <value name="WIDTH">
                          <block type="math_number" id="531">
                            <field name="NUM">2</field>
                          </block>
                        </value>
                        <value name="HEIGHT">
                          <block type="math_number" id="532">
                            <field name="NUM">2</field>
                          </block>
                        </value>
                        <next>
                          <block type="linkit_lremote_setbuttoncircle" id="533" inline="true">
                            <field name="COLOUR">orange</field>
                            <value name="NAME">
                              <block type="text" id="534">
                                <field name="TEXT">circleO</field>
                              </block>
                            </value>
                            <value name="CONTENT">
                              <block type="text" id="535">
                                <field name="TEXT">橘</field>
                              </block>
                            </value>
                            <value name="COLUMN">
                              <block type="math_number" id="536">
                                <field name="NUM">2</field>
                              </block>
                            </value>
                            <value name="ROW">
                              <block type="math_number" id="537">
                                <field name="NUM">1</field>
                              </block>
                            </value>
                            <value name="WIDTH">
                              <block type="math_number" id="538">
                                <field name="NUM">2</field>
                              </block>
                            </value>
                            <value name="HEIGHT">
                              <block type="math_number" id="539">
                                <field name="NUM">2</field>
                              </block>
                            </value>
                            <next>
                              <block type="linkit_lremote_setbuttoncircle" id="540" inline="true">
                                <field name="COLOUR">blue</field>
                                <value name="NAME">
                                  <block type="text" id="541">
                                    <field name="TEXT">circle1B</field>
                                  </block>
                                </value>
                                <value name="CONTENT">
                                  <block type="text" id="542">
                                    <field name="TEXT">藍</field>
                                  </block>
                                </value>
                                <value name="COLUMN">
                                  <block type="math_number" id="543">
                                    <field name="NUM">0</field>
                                  </block>
                                </value>
                                <value name="ROW">
                                  <block type="math_number" id="544">
                                    <field name="NUM">3</field>
                                  </block>
                                </value>
                                <value name="WIDTH">
                                  <block type="math_number" id="545">
                                    <field name="NUM">2</field>
                                  </block>
                                </value>
                                <value name="HEIGHT">
                                  <block type="math_number" id="546">
                                    <field name="NUM">2</field>
                                  </block>
                                </value>
                                <next>
                                  <block type="linkit_lremote_setbuttoncircle" id="547" inline="true">
                                    <field name="COLOUR">green</field>
                                    <value name="NAME">
                                      <block type="text" id="548">
                                        <field name="TEXT">circle1G</field>
                                      </block>
                                    </value>
                                    <value name="CONTENT">
                                      <block type="text" id="549">
                                        <field name="TEXT">綠</field>
                                      </block>
                                    </value>
                                    <value name="COLUMN">
                                      <block type="math_number" id="550">
                                        <field name="NUM">2</field>
                                      </block>
                                    </value>
                                    <value name="ROW">
                                      <block type="math_number" id="551">
                                        <field name="NUM">3</field>
                                      </block>
                                    </value>
                                    <value name="WIDTH">
                                      <block type="math_number" id="552">
                                        <field name="NUM">2</field>
                                      </block>
                                    </value>
                                    <value name="HEIGHT">
                                      <block type="math_number" id="553">
                                        <field name="NUM">2</field>
                                      </block>
                                    </value>
                                    <next>
                                      <block type="linkit_lremote_settext" id="554" inline="true">
                                        <field name="COLOUR">gray</field>
                                        <value name="NAME">
                                          <block type="text" id="555">
                                            <field name="TEXT">label2</field>
                                          </block>
                                        </value>
                                        <value name="CONTENT">
                                          <block type="text" id="556">
                                            <field name="TEXT">曾希哲製作</field>
                                          </block>
                                        </value>
                                        <value name="COLUMN">
                                          <block type="math_number" id="557">
                                            <field name="NUM">0</field>
                                          </block>
                                        </value>
                                        <value name="ROW">
                                          <block type="math_number" id="558">
                                            <field name="NUM">5</field>
                                          </block>
                                        </value>
                                        <value name="WIDTH">
                                          <block type="math_number" id="559">
                                            <field name="NUM">4</field>
                                          </block>
                                        </value>
                                        <value name="HEIGHT">
                                          <block type="math_number" id="560">
                                            <field name="NUM">1</field>
                                          </block>
                                        </value>
                                      </block>
                                    </next>
                                  </block>
                                </next>
                              </block>
                            </next>
                          </block>
                        </next>
                      </block>
                    </next>
                  </block>
                </statement>
              </block>
            </next>
          </block>
        </next>
      </block>
    </statement>
    <next>
      <block type="initializes_loop" id="561">
        <statement name="CONTENT">
          <block type="linkit_lremote_process" id="562">
            <next>
              <block type="controls_if" id="563" inline="false">
                <value name="IF0">
                  <block type="linkit_lremote_is_written" id="564">
                    <field name="NAME">circleR</field>
                  </block>
                </value>
                <statement name="DO0">
                  <block type="controls_if" id="565" inline="false">
                    <value name="IF0">
                      <block type="logic_compare" id="566" inline="true">
                        <field name="OP">EQ</field>
                        <value name="A">
                          <block type="linkit_lremote_read_value" id="567">
                            <field name="NAME">circleR</field>
                          </block>
                        </value>
                        <value name="B">
                          <block type="math_number" id="568">
                            <field name="NUM">1</field>
                          </block>
                        </value>
                      </block>
                    </value>
                    <statement name="DO0">
                      <block type="procedures_callnoreturn" id="629">
                        <mutation name="亮紅燈"></mutation>
                      </block>
                    </statement>
                  </block>
                </statement>
                <next>
                  <block type="controls_if" id="575" inline="false">
                    <value name="IF0">
                      <block type="linkit_lremote_is_written" id="576">
                        <field name="NAME">circleO</field>
                      </block>
                    </value>
                    <statement name="DO0">
                      <block type="controls_if" id="577" inline="false">
                        <value name="IF0">
                          <block type="logic_compare" id="578" inline="true">
                            <field name="OP">EQ</field>
                            <value name="A">
                              <block type="linkit_lremote_read_value" id="579">
                                <field name="NAME">circleO</field>
                              </block>
                            </value>
                            <value name="B">
                              <block type="math_number" id="580">
                                <field name="NUM">1</field>
                              </block>
                            </value>
                          </block>
                        </value>
                        <statement name="DO0">
                          <block type="procedures_callnoreturn" id="638">
                            <mutation name="亮橘燈"></mutation>
                          </block>
                        </statement>
                      </block>
                    </statement>
                    <next>
                      <block type="controls_if" id="589" inline="false">
                        <value name="IF0">
                          <block type="linkit_lremote_is_written" id="590">
                            <field name="NAME">circle1B</field>
                          </block>
                        </value>
                        <statement name="DO0">
                          <block type="controls_if" id="591" inline="false">
                            <value name="IF0">
                              <block type="logic_compare" id="592" inline="true">
                                <field name="OP">EQ</field>
                                <value name="A">
                                  <block type="linkit_lremote_read_value" id="593">
                                    <field name="NAME">circle1B</field>
                                  </block>
                                </value>
                                <value name="B">
                                  <block type="math_number" id="594">
                                    <field name="NUM">1</field>
                                  </block>
                                </value>
                              </block>
                            </value>
                            <statement name="DO0">
                              <block type="procedures_callnoreturn" id="649">
                                <mutation name="亮藍燈"></mutation>
                              </block>
                            </statement>
                          </block>
                        </statement>
                        <next>
                          <block type="controls_if" id="601" inline="false">
                            <value name="IF0">
                              <block type="linkit_lremote_is_written" id="602">
                                <field name="NAME">circle1G</field>
                              </block>
                            </value>
                            <statement name="DO0">
                              <block type="controls_if" id="603" inline="false">
                                <value name="IF0">
                                  <block type="logic_compare" id="604" inline="true">
                                    <field name="OP">EQ</field>
                                    <value name="A">
                                      <block type="linkit_lremote_read_value" id="605">
                                        <field name="NAME">circle1G</field>
                                      </block>
                                    </value>
                                    <value name="B">
                                      <block type="math_number" id="606">
                                        <field name="NUM">1</field>
                                      </block>
                                    </value>
                                  </block>
                                </value>
                                <statement name="DO0">
                                  <block type="procedures_callnoreturn" id="662">
                                    <mutation name="亮綠燈"></mutation>
                                  </block>
                                </statement>
                              </block>
                            </statement>
                            <next>
                              <block type="delay_custom" id="615" inline="false">
                                <value name="DELAY_TIME">
                                  <block type="math_number" id="616">
                                    <field name="NUM">50</field>
                                  </block>
                                </value>
                              </block>
                            </next>
                          </block>
                        </next>
                      </block>
                    </next>
                  </block>
                </next>
              </block>
            </next>
          </block>
        </statement>
      </block>
    </next>
  </block>
  <block type="procedures_defnoreturn" id="618" x="738" y="463">
    <mutation></mutation>
    <field name="NAME">全部滅</field>
    <statement name="STACK">
      <block type="controls_for" id="506" inline="true">
        <field name="VAR">i</field>
        <value name="FROM">
          <block type="math_number" id="507">
            <field name="NUM">0</field>
          </block>
        </value>
        <value name="TO">
          <block type="math_number" id="508">
            <field name="NUM">11</field>
          </block>
        </value>
        <statement name="DO">
          <block type="neopixel_custom_setpixelcolor" id="509" inline="true">
            <value name="TARGET">
              <block type="variables_get" id="510">
                <field name="TYPE">Number</field>
                <field name="VAR">i</field>
              </block>
            </value>
            <value name="R">
              <block type="math_number" id="511">
                <field name="NUM">0</field>
              </block>
            </value>
            <value name="G">
              <block type="math_number" id="512">
                <field name="NUM">0</field>
              </block>
            </value>
            <value name="B">
              <block type="math_number" id="513">
                <field name="NUM">0</field>
              </block>
            </value>
            <next>
              <block type="neopixel_show" id="514"></block>
            </next>
          </block>
        </statement>
      </block>
    </statement>
  </block>
  <block type="procedures_defnoreturn" id="621" x="738" y="638">
    <mutation></mutation>
    <field name="NAME">亮紅燈</field>
    <statement name="STACK">
      <block type="controls_for" id="569" inline="true">
        <field name="VAR">i</field>
        <value name="FROM">
          <block type="math_number" id="570">
            <field name="NUM">0</field>
          </block>
        </value>
        <value name="TO">
          <block type="math_number" id="571">
            <field name="NUM">11</field>
          </block>
        </value>
        <statement name="DO">
          <block type="neopixel_setpixelcolor" id="572" inline="true">
            <field name="RGB">#ff0000</field>
            <value name="TARGET">
              <block type="variables_get" id="573">
                <field name="TYPE">Number</field>
                <field name="VAR">i</field>
              </block>
            </value>
          </block>
        </statement>
        <next>
          <block type="neopixel_show" id="574"></block>
        </next>
      </block>
    </statement>
  </block>
  <block type="procedures_defnoreturn" id="633" x="738" y="813">
    <mutation></mutation>
    <field name="NAME">亮橘燈</field>
    <statement name="STACK">
      <block type="controls_for" id="581" inline="true">
        <field name="VAR">j</field>
        <value name="FROM">
          <block type="math_number" id="582">
            <field name="NUM">0</field>
          </block>
        </value>
        <value name="TO">
          <block type="math_number" id="583">
            <field name="NUM">11</field>
          </block>
        </value>
        <statement name="DO">
          <block type="neopixel_setpixelcolor" id="584" inline="true">
            <field name="RGB">#ff9900</field>
            <value name="TARGET">
              <block type="variables_get" id="585">
                <field name="TYPE">Number</field>
                <field name="VAR">j</field>
              </block>
            </value>
            <next>
              <block type="neopixel_show" id="586">
                <next>
                  <block type="delay_custom" id="587" inline="false">
                    <value name="DELAY_TIME">
                      <block type="math_number" id="588">
                        <field name="NUM">200</field>
                      </block>
                    </value>
                  </block>
                </next>
              </block>
            </next>
          </block>
        </statement>
      </block>
    </statement>
  </block>
  <block type="procedures_defnoreturn" id="643" x="738" y="1013">
    <mutation></mutation>
    <field name="NAME">亮藍燈</field>
    <statement name="STACK">
      <block type="controls_for" id="595" inline="true">
        <field name="VAR">k</field>
        <value name="FROM">
          <block type="math_number" id="596">
            <field name="NUM">0</field>
          </block>
        </value>
        <value name="TO">
          <block type="math_number" id="597">
            <field name="NUM">11</field>
          </block>
        </value>
        <statement name="DO">
          <block type="neopixel_setpixelcolor" id="598" inline="true">
            <field name="RGB">#000066</field>
            <value name="TARGET">
              <block type="variables_get" id="599">
                <field name="TYPE">Number</field>
                <field name="VAR">k</field>
              </block>
            </value>
          </block>
        </statement>
        <next>
          <block type="neopixel_show" id="600"></block>
        </next>
      </block>
    </statement>
  </block>
  <block type="procedures_defnoreturn" id="655" x="738" y="1188">
    <mutation></mutation>
    <field name="NAME">亮綠燈</field>
    <statement name="STACK">
      <block type="controls_for" id="607" inline="true">
        <field name="VAR">m</field>
        <value name="FROM">
          <block type="math_number" id="608">
            <field name="NUM">0</field>
          </block>
        </value>
        <value name="TO">
          <block type="math_number" id="609">
            <field name="NUM">11</field>
          </block>
        </value>
        <statement name="DO">
          <block type="neopixel_setpixelcolor" id="610" inline="true">
            <field name="RGB">#33cc00</field>
            <value name="TARGET">
              <block type="variables_get" id="611">
                <field name="TYPE">Number</field>
                <field name="VAR">m</field>
              </block>
            </value>
            <next>
              <block type="neopixel_show" id="612">
                <next>
                  <block type="delay_custom" id="613" inline="false">
                    <value name="DELAY_TIME">
                      <block type="math_number" id="614">
                        <field name="NUM">200</field>
                      </block>
                    </value>
                  </block>
                </next>
              </block>
            </next>
          </block>
        </statement>
      </block>
    </statement>
  </block>
</xml>