<xml xmlns="http://www.w3.org/1999/xhtml">
  <block type="initializes_setup" id="3" x="80" y="40">
    <statement name="CONTENT">
      <block type="linkit_lremote" id="4" inline="false">
        <field name="ORIENTATION">vertical</field>
        <value name="DEVICEID">
          <block type="text" id="5">
            <field name="TEXT">jackjean</field>
          </block>
        </value>
        <value name="COLUMN">
          <block type="math_number" id="6">
            <field name="NUM">5</field>
          </block>
        </value>
        <value name="ROW">
          <block type="math_number" id="7">
            <field name="NUM">6</field>
          </block>
        </value>
        <statement name="CONTENT">
          <block type="linkit_lremote_settext" id="8" inline="true">
            <field name="COLOUR">gray</field>
            <value name="NAME">
              <block type="text" id="9">
                <field name="TEXT">label1</field>
              </block>
            </value>
            <value name="CONTENT">
              <block type="text" id="10">
                <field name="TEXT">曾希哲測試</field>
              </block>
            </value>
            <value name="COLUMN">
              <block type="math_number" id="11">
                <field name="NUM">0</field>
              </block>
            </value>
            <value name="ROW">
              <block type="math_number" id="12">
                <field name="NUM">0</field>
              </block>
            </value>
            <value name="WIDTH">
              <block type="math_number" id="13">
                <field name="NUM">5</field>
              </block>
            </value>
            <value name="HEIGHT">
              <block type="math_number" id="14">
                <field name="NUM">1</field>
              </block>
            </value>
            <next>
              <block type="linkit_lremote_setswitch" id="15" inline="true">
                <field name="COLOUR">blue</field>
                <value name="NAME">
                  <block type="text" id="16">
                    <field name="TEXT">switch1</field>
                  </block>
                </value>
                <value name="CONTENT">
                  <block type="text" id="17">
                    <field name="TEXT">LED控制</field>
                  </block>
                </value>
                <value name="COLUMN">
                  <block type="math_number" id="18">
                    <field name="NUM">0</field>
                  </block>
                </value>
                <value name="ROW">
                  <block type="math_number" id="19">
                    <field name="NUM">1</field>
                  </block>
                </value>
                <value name="WIDTH">
                  <block type="math_number" id="20">
                    <field name="NUM">2</field>
                  </block>
                </value>
                <value name="HEIGHT">
                  <block type="math_number" id="21">
                    <field name="NUM">1</field>
                  </block>
                </value>
                <next>
                  <block type="linkit_lremote_setbuttonsquare" id="22" inline="true">
                    <field name="COLOUR">green</field>
                    <value name="NAME">
                      <block type="text" id="23">
                        <field name="TEXT">button1</field>
                      </block>
                    </value>
                    <value name="CONTENT">
                      <block type="text" id="24">
                        <field name="TEXT">開 / ON</field>
                      </block>
                    </value>
                    <value name="COLUMN">
                      <block type="math_number" id="25">
                        <field name="NUM">2</field>
                      </block>
                    </value>
                    <value name="ROW">
                      <block type="math_number" id="26">
                        <field name="NUM">1</field>
                      </block>
                    </value>
                    <value name="WIDTH">
                      <block type="math_number" id="27">
                        <field name="NUM">3</field>
                      </block>
                    </value>
                    <value name="HEIGHT">
                      <block type="math_number" id="28">
                        <field name="NUM">1</field>
                      </block>
                    </value>
                    <next>
                      <block type="linkit_lremote_setbuttoncircle" id="29" inline="true">
                        <field name="COLOUR">pink</field>
                        <value name="NAME">
                          <block type="text" id="30">
                            <field name="TEXT">circle1</field>
                          </block>
                        </value>
                        <value name="CONTENT">
                          <block type="text" id="31">
                            <field name="TEXT">關 / OFF</field>
                          </block>
                        </value>
                        <value name="COLUMN">
                          <block type="math_number" id="32">
                            <field name="NUM">1</field>
                          </block>
                        </value>
                        <value name="ROW">
                          <block type="math_number" id="33">
                            <field name="NUM">2</field>
                          </block>
                        </value>
                        <value name="WIDTH">
                          <block type="math_number" id="34">
                            <field name="NUM">3</field>
                          </block>
                        </value>
                        <value name="HEIGHT">
                          <block type="math_number" id="35">
                            <field name="NUM">3</field>
                          </block>
                        </value>
                        <next>
                          <block type="linkit_lremote_setslider" id="36" inline="true">
                            <field name="COLOUR">yellow</field>
                            <value name="NAME">
                              <block type="text" id="37">
                                <field name="TEXT">slider1</field>
                              </block>
                            </value>
                            <value name="CONTENT">
                              <block type="text" id="38">
                                <field name="TEXT">馬達角度控制</field>
                              </block>
                            </value>
                            <value name="COLUMN">
                              <block type="math_number" id="39">
                                <field name="NUM">0</field>
                              </block>
                            </value>
                            <value name="ROW">
                              <block type="math_number" id="40">
                                <field name="NUM">5</field>
                              </block>
                            </value>
                            <value name="WIDTH">
                              <block type="math_number" id="41">
                                <field name="NUM">5</field>
                              </block>
                            </value>
                            <value name="HEIGHT">
                              <block type="math_number" id="42">
                                <field name="NUM">1</field>
                              </block>
                            </value>
                            <value name="MINIMUM">
                              <block type="math_number" id="43">
                                <field name="NUM">0</field>
                              </block>
                            </value>
                            <value name="MAXIMUM">
                              <block type="math_number" id="44">
                                <field name="NUM">100</field>
                              </block>
                            </value>
                            <value name="INITIAL">
                              <block type="math_number" id="45">
                                <field name="NUM">1</field>
                              </block>
                            </value>
                          </block>
                        </next>
                      </block>
                    </next>
                  </block>
                </next>
              </block>
            </next>
          </block>
        </statement>
      </block>
    </statement>
    <next>
      <block type="initializes_loop" id="46"></block>
    </next>
  </block>
</xml>